source,size_mb,row_count,query_count,size_efficiency,value_score
shopify,1080.0,540000,1839,1.4698138656935504,1.7012025901942647
klaviyo,396.0,396000,307,0.66920450061862,0.7732997481108312
google_analytics_4_export,464.0,232000,304,0.5908544775077438,0.6537634408602151
aws_lambda,130.0,130000,65,0.45640409902575596,0.4961832061068702
unknown,36.0,36000,3,0.07326007326007326,0.08108108108108109
